Job Title,MAE,MSE,RMSE,R2
Cyber Security Analyst,200.57730953635578,49628.39008601826,222.77430301993599,0.7913759137441644
